{"cameraMode":{"drawMode":0,"name":"Shaded","section":"Shading Mode"},"sceneLighting":false,"audioPlay":false,"sceneViewState":{"m_AlwaysRefresh":false,"showFog":true,"showSkybox":true,"showFlares":true,"showImageEffects":true,"showParticleSystems":true,"showVisualEffectGraphs":true,"m_FxEnabled":true},"in2DMode":false,"pivot":{"x":-13.16568374633789,"y":80.82853698730469,"z":364.5915832519531},"rotation":{"x":0.11006372421979904,"y":0.04471144825220108,"z":-0.004954018630087376,"w":0.9929142594337463},"size":115.16423797607422,"orthographic":false}